{"train_loss":2.4133880777446706,"_wandb":{"runtime":12},"train_accuracy":0.11153333333333333,"_timestamp":1.7412483157917724e+09,"_runtime":12.401029,"_step":4,"epoch":4}