{"epoch":4,"accuracy":0.10074074074074074,"val_accuracy":0.09333333333333334,"_timestamp":1.7412490649621055e+09,"loss":2.4778095348441056,"_step":4,"_runtime":17.0968895,"val_loss":2.4855009652629905,"_wandb":{"runtime":17}}