{"_timestamp":1.7412481762846801e+09,"_runtime":17.2654977,"_wandb":{"runtime":17},"_step":4,"epoch":4,"train_loss":2.575531337408578,"train_accuracy":0.1}