{"_step":9,"loss":2.467123491822944,"val_loss":2.455858540220347,"val_accuracy":0.11483333333333333,"_timestamp":1.7412544379966977e+09,"epoch":9,"accuracy":0.10966666666666666,"_wandb":{"runtime":68},"_runtime":68.6247887}