{"epoch":4,"_step":4,"loss":2.3360178526082307,"_runtime":11.4956406,"_timestamp":1.7412505269342117e+09,"accuracy":0.11988888888888889,"val_loss":2.3433865374470004,"_wandb":{"runtime":11},"val_accuracy":0.11983333333333333}