{"loss":2.3025804565156114,"val_loss":2.302579167125136,"_runtime":23.5379449,"_wandb":{"runtime":23},"_timestamp":1.7412555219112139e+09,"epoch":4,"val_accuracy":0.12166666666666667,"_step":4,"accuracy":0.11281481481481481}