{"_wandb":{"runtime":66},"loss":2.637272465863036,"val_accuracy":0.09733333333333333,"accuracy":0.1002962962962963,"_timestamp":1.7412573237533875e+09,"_step":9,"epoch":10,"_runtime":66.9804916,"val_loss":2.6466592522555166}