{"accuracy":0.1002962962962963,"val_accuracy":0.09733333333333333,"_runtime":9.4611666,"_timestamp":1.7412517086247132e+09,"_step":4,"val_loss":2.3032454165827514,"_wandb":{"runtime":9},"epoch":4,"loss":2.3028481108921808}