{"_wandb":{"runtime":14},"_timestamp":1.7412556688084943e+09,"_step":4,"val_loss":2.302584987074825,"epoch":5,"_runtime":14.5118659,"accuracy":0.13185185185185186,"loss":2.30258498685475,"val_accuracy":0.13683333333333333}