{"_runtime":6.0091898,"val_loss":2.3025849946120145,"_timestamp":1.7412559391845524e+09,"_step":4,"loss":2.3025849944950303,"epoch":5,"_wandb":{"runtime":6},"accuracy":0.06811111111111111,"val_accuracy":0.06733333333333333}