{"epoch":4,"_wandb":{"runtime":3},"train_loss":2.342848671893338,"train_accuracy":0.15973333333333334,"_timestamp":1.7412476927851167e+09,"_runtime":3.1984389,"_step":4}