{"val_accuracy":0.09733333333333333,"_timestamp":1.741249339890861e+09,"epoch":4,"_wandb":{"runtime":41},"accuracy":0.1002962962962963,"_runtime":41.8610285,"val_loss":2.6335682024537,"_step":4,"loss":2.6129982876070166}