{"_runtime":18.4177826,"epoch":5,"loss":2.487634968186386,"val_loss":2.4821537180050934,"_wandb":{"runtime":18},"val_accuracy":0.09833333333333333,"_timestamp":1.741255924966468e+09,"_step":4,"accuracy":0.10018518518518518}