{"val_loss":2.644969622831942,"val_accuracy":0.10033333333333333,"_step":4,"_wandb":{"runtime":65},"loss":2.638374899975187,"_runtime":65.053481,"epoch":4,"accuracy":0.09996296296296296,"_timestamp":1.7412521747070837e+09}