{"val_loss":2.5635082610865716,"epoch":4,"train_loss":2.5614818695165384,"val_accuracy":0.0405,"_runtime":18.4699399,"_step":4,"_timestamp":1.7412486738945894e+09,"_wandb":{"runtime":18},"train_accuracy":0.03922222222222222}