{"_step":9,"loss":2.303473741815449,"epoch":9,"_runtime":55.3874307,"accuracy":0.09968518518518518,"_wandb":{"runtime":55},"_timestamp":1.7412528699628062e+09,"val_loss":2.3034791531723693,"val_accuracy":0.10283333333333333}