{"loss":2.302917366263226,"_timestamp":1.7412516907867422e+09,"_runtime":13.17616,"_wandb":{"runtime":13},"epoch":4,"val_loss":2.302647591836776,"val_accuracy":0.10283333333333333,"accuracy":0.09968518518518518,"_step":4}