{"val_accuracy":0.10283333333333333,"_wandb":{"runtime":21},"_runtime":21.6095617,"val_loss":2.302926201250728,"epoch":4,"accuracy":0.09968518518518518,"loss":2.3031400945802916,"_step":4,"_timestamp":1.7412546046560798e+09}