{"_wandb":{"runtime":16},"accuracy":0.08803703703703704,"val_accuracy":0.0855,"_runtime":16.6531337,"val_loss":2.3025850031587685,"_timestamp":1.7412540383646927e+09,"epoch":9,"_step":9,"loss":2.302584993261429}