{"_timestamp":1.7412524657083223e+09,"_runtime":57.4163839,"_step":4,"_wandb":{"runtime":57},"accuracy":0.10016666666666667,"epoch":4,"val_loss":2.5562334770339756,"val_accuracy":0.09833333333333333,"loss":2.5355779042799167}