{"accuracy":0.14964814814814814,"_wandb":{"runtime":17},"val_loss":2.622743394667143,"val_accuracy":0.1425,"_timestamp":1.7412557424596677e+09,"epoch":10,"loss":2.604739979274094,"_runtime":17.8292431,"_step":9}