{"val_loss":2.302654645433376,"_timestamp":1.7412522893167474e+09,"loss":2.3027653951263516,"accuracy":0.10011111111111111,"_step":4,"val_accuracy":0.099,"_wandb":{"runtime":14},"_runtime":14.6164171,"epoch":4}