{"_timestamp":1.7412551117719064e+09,"_runtime":30.3474992,"epoch":4,"accuracy":0.08085185185185186,"val_accuracy":0.07683333333333334,"_step":4,"_wandb":{"runtime":30},"loss":2.302577477307661,"val_loss":2.302578224887429}