{"val_loss":2.303729953921298,"epoch":9,"_timestamp":1.74124895734922e+09,"_step":9,"accuracy":0.10018518518518518,"val_accuracy":0.09833333333333333,"loss":2.3030586624540974,"_wandb":{"runtime":27},"_runtime":27.6943162}