{"_wandb":{"runtime":29},"_timestamp":1.741248372446223e+09,"_runtime":29.8088514,"_step":4,"epoch":4,"train_loss":2.477567528348517,"train_accuracy":0.12973333333333334}