{"_step":4,"epoch":4,"_wandb":{"runtime":4},"_runtime":4.2295102,"val_loss":2.3025849958971443,"_timestamp":1.7412484926657794e+09,"train_loss":2.302584995642408,"val_accuracy":0.09533333333333334,"train_accuracy":0.10187037037037038}