{"accuracy":0.10074074074074074,"val_accuracy":0.09333333333333334,"_step":9,"_timestamp":1.7412496076865044e+09,"val_loss":2.462240073370103,"epoch":9,"loss":2.4482723925019356,"_runtime":41.673495,"_wandb":{"runtime":41}}