{"_wandb":{"runtime":57},"_runtime":57.4155104,"_step":4,"loss":2.6261128912503304,"accuracy":0.09053703703703704,"_timestamp":1.7412570538479483e+09,"val_loss":2.625481122298046,"epoch":5,"val_accuracy":0.09033333333333333}