{"loss":2.5059544860866767,"val_accuracy":0.09533333333333334,"_wandb":{"runtime":8},"epoch":4,"val_loss":2.5035333221539378,"_runtime":8.8358499,"_step":4,"accuracy":0.09820370370370371,"_timestamp":1.7412503428211238e+09}