{"val_loss":2.7843234657780838,"epoch":10,"_step":9,"_runtime":83.0394285,"val_accuracy":0.09333333333333334,"accuracy":0.10074074074074074,"_wandb":{"runtime":83},"_timestamp":1.7412585490106483e+09,"loss":2.7734928319332193}