{"_wandb":{"runtime":15},"_timestamp":1.741255074995995e+09,"epoch":9,"loss":2.3025896990438395,"_step":9,"val_accuracy":0.0505,"accuracy":0.0582037037037037,"val_loss":2.302589875241582,"_runtime":15.5655907}