{"val_loss":2.535247355031012,"accuracy":0.09968518518518518,"val_accuracy":0.10283333333333333,"_runtime":11.6060724,"_timestamp":1.741255221163501e+09,"_wandb":{"runtime":11},"loss":2.54341064086366,"_step":4,"epoch":4}