{"epoch":5,"val_loss":2.3025834427501657,"val_accuracy":0.07433333333333333,"loss":2.302582724551197,"_wandb":{"runtime":13},"accuracy":0.08274074074074074,"_runtime":13.1642038,"_step":4,"_timestamp":1.741255716287402e+09}