{"loss":2.3553004328357994,"accuracy":0.08712962962962963,"_timestamp":1.7412541898119056e+09,"epoch":4,"_runtime":6.2622661,"val_accuracy":0.08933333333333333,"_wandb":{"runtime":6},"val_loss":2.3559825174306184,"_step":4}