{"val_loss":2.5893703097684653,"val_accuracy":0.09833333333333333,"epoch":4,"_timestamp":1.7412537006352928e+09,"_runtime":23.6234906,"accuracy":0.10018518518518518,"_step":4,"_wandb":{"runtime":23},"loss":2.5793636855108377}