{"_step":9,"loss":2.6317630274690784,"val_loss":2.641971144315573,"_runtime":83.6949321,"accuracy":0.10074074074074074,"val_accuracy":0.09333333333333334,"_wandb":{"runtime":83},"_timestamp":1.741248923388469e+09,"epoch":9}