{"_timestamp":1.7412544936122024e+09,"loss":2.302585252118376,"_wandb":{"runtime":22},"epoch":9,"val_loss":2.3025852998407337,"accuracy":0.03712962962962963,"_runtime":22.9328292,"val_accuracy":0.034166666666666665,"_step":9}