{"_wandb":{"runtime":21},"epoch":5,"_timestamp":1.7412587650722704e+09,"_step":4,"_runtime":21.6586498,"loss":2.6680369817477003,"val_accuracy":0.10283333333333333,"accuracy":0.09968518518518518,"val_loss":2.65819110830974}