{"_timestamp":1.7412512056666045e+09,"epoch":4,"accuracy":0.10492592592592592,"_runtime":40.7707188,"_wandb":{"runtime":40},"val_loss":2.302585011000391,"_step":4,"val_accuracy":0.10083333333333333,"loss":2.3025850061005793}