{"_runtime":16.9762748,"epoch":5,"val_accuracy":0.10783333333333334,"_timestamp":1.7412574010070603e+09,"accuracy":0.10525925925925926,"loss":2.5332948669832507,"_wandb":{"runtime":16},"_step":4,"val_loss":2.528410555540987}