{"_wandb":{"runtime":34},"_step":9,"epoch":9,"train_loss":2.452128763552211,"train_accuracy":0.13406666666666667,"_timestamp":1.7412482897189956e+09,"_runtime":34.2653437}