{"_runtime":10.8378042,"_step":4,"_timestamp":1.741256953560012e+09,"epoch":5,"accuracy":0.16092592592592592,"val_loss":2.302585653928662,"val_accuracy":0.158,"loss":2.3025853286946423,"_wandb":{"runtime":10}}