{"_runtime":32.869978,"_step":4,"epoch":4,"_wandb":{"runtime":32},"accuracy":0.18725925925925926,"val_accuracy":0.18966666666666668,"val_loss":2.3025800213323007,"_timestamp":1.7412510280058045e+09,"loss":2.302582149738652}