{"_runtime":24.1113357,"loss":2.3025855629612653,"epoch":10,"val_accuracy":0.05566666666666667,"_step":9,"val_loss":2.302585578265487,"_timestamp":1.7412559899545712e+09,"_wandb":{"runtime":24},"accuracy":0.058444444444444445}