{"loss":2.5444429369577666,"accuracy":0.09977777777777778,"_wandb":{"runtime":23},"val_accuracy":0.102,"epoch":4,"val_loss":2.5302686001329535,"_step":4,"_runtime":23.3187657,"_timestamp":1.7412535886624486e+09}