{"val_loss":2.302715802971541,"val_accuracy":0.10283333333333333,"accuracy":0.09968518518518518,"_timestamp":1.7412498905146308e+09,"epoch":4,"_step":4,"_wandb":{"runtime":11},"loss":2.3029991765479867,"_runtime":11.1642791}