{"_runtime":39.8701884,"_step":4,"accuracy":0.09968518518518518,"loss":2.5518960554519263,"epoch":4,"val_loss":2.531555460178162,"val_accuracy":0.10283333333333333,"_timestamp":1.741255419783583e+09,"_wandb":{"runtime":39}}