{"val_loss":2.3039191829556223,"loss":2.3044081764123074,"_runtime":48.5124358,"_timestamp":1.741252104512394e+09,"_wandb":{"runtime":48},"accuracy":0.09996296296296296,"val_accuracy":0.10033333333333333,"epoch":4,"_step":4}