{"_wandb":{"runtime":20},"_runtime":20.3041549,"epoch":9,"val_accuracy":0.038,"_timestamp":1.7412542414613247e+09,"accuracy":0.03588888888888889,"val_loss":2.689298142420404,"_step":9,"loss":2.684776338564501}