{"_timestamp":1.7412556957418134e+09,"_step":9,"epoch":10,"_runtime":13.8800044,"accuracy":0.1542037037037037,"_wandb":{"runtime":13},"loss":2.3025849830088285,"val_loss":2.3025849834615433,"val_accuracy":0.15216666666666667}