{"_wandb":{"runtime":9},"_runtime":9.9535974,"epoch":4,"_timestamp":1.7412503275934155e+09,"accuracy":0.11764814814814815,"val_loss":2.424274107896458,"val_accuracy":0.11183333333333334,"loss":2.4049538346428707,"_step":4}