{"_step":4,"val_loss":2.302584982885508,"_wandb":{"runtime":18},"loss":2.302584982652089,"accuracy":0.06761111111111111,"val_accuracy":0.07233333333333333,"_timestamp":1.7412492632730608e+09,"_runtime":18.1183149,"epoch":4}