{"_step":4,"_runtime":11.7999186,"loss":2.302584988689064,"accuracy":0.12225925925925926,"_timestamp":1.7412555935993776e+09,"_wandb":{"runtime":11},"epoch":5,"val_loss":2.3025849888081007,"val_accuracy":0.11633333333333333}