{"_wandb":{"runtime":50},"epoch":4,"train_loss":2.304226403781515,"train_accuracy":0.1,"_timestamp":1.7412482407567859e+09,"_runtime":50.3178356,"_step":4}