{"val_loss":2.302585241060999,"_runtime":115.3934503,"val_accuracy":0.10783333333333334,"_timestamp":1.7412511572788873e+09,"_wandb":{"runtime":115},"accuracy":0.10440740740740741,"loss":2.3025852457389813,"_step":9,"epoch":9}