{"val_accuracy":0.10283333333333333,"_step":9,"epoch":9,"accuracy":0.09968518518518518,"_wandb":{"runtime":32},"val_loss":2.3037272796306145,"_runtime":32.1043832,"loss":2.3030507583614197,"_timestamp":1.7412500609594703e+09}