{"_timestamp":1.7412497463737528e+09,"_runtime":90.0112778,"val_accuracy":0.06616666666666667,"_wandb":{"runtime":90},"accuracy":0.0707037037037037,"val_loss":2.59865849523483,"loss":2.592625220538126,"_step":9,"epoch":9}