{"val_loss":2.302585380111257,"_step":4,"val_accuracy":0.12666666666666668,"_timestamp":1.7412547057781498e+09,"_runtime":9.548494999999999,"_wandb":{"runtime":9},"loss":2.302585582139839,"accuracy":0.12711111111111112,"epoch":4}