{"val_accuracy":0.092,"_timestamp":1.741257994549401e+09,"accuracy":0.09214814814814815,"loss":2.5212609631519913,"_wandb":{"runtime":5},"_runtime":5.5276377,"_step":4,"epoch":5,"val_loss":2.522374256819219}