{"val_loss":2.3025973488906413,"_wandb":{"runtime":9},"accuracy":0.10018518518518518,"_step":4,"loss":2.3028728539548933,"epoch":5,"val_accuracy":0.09833333333333333,"_timestamp":1.741258779923196e+09,"_runtime":9.1294221}