{"_wandb":{"runtime":31},"epoch":10,"val_accuracy":0.102,"val_loss":2.3034042802458696,"_runtime":31.4497956,"_step":9,"loss":2.3033251375179233,"accuracy":0.09977777777777778,"_timestamp":1.7412580746415372e+09}