{"val_loss":2.3025847781927125,"_step":4,"epoch":5,"val_accuracy":0.115,"_timestamp":1.74125818226185e+09,"accuracy":0.12042592592592592,"_wandb":{"runtime":15},"loss":2.302584751513303,"_runtime":15.5044289}