{"val_loss":2.603310390048044,"_timestamp":1.7412542562441983e+09,"epoch":9,"loss":2.6163109853369044,"_wandb":{"runtime":7},"_runtime":7.8839103,"accuracy":0.04848148148148148,"val_accuracy":0.0495,"_step":9}