{"_wandb":{"runtime":11},"loss":2.596326745853515,"_timestamp":1.7412541576287165e+09,"_runtime":11.8147462,"val_accuracy":0.102,"epoch":9,"accuracy":0.09977777777777778,"val_loss":2.610139354762928,"_step":9}