{"val_loss":2.4880565576377003,"loss":2.487208123808912,"accuracy":0.10018518518518518,"val_accuracy":0.09833333333333333,"_runtime":29.8565798,"epoch":4,"_timestamp":1.7412542943257856e+09,"_wandb":{"runtime":29},"_step":4}