{"epoch":4,"_timestamp":1.7412545785903363e+09,"val_loss":2.3025752753136732,"accuracy":0.09753703703703703,"val_accuracy":0.09383333333333334,"_runtime":16.9925252,"_step":4,"_wandb":{"runtime":17},"loss":2.3025733517362363}