{"val_loss":2.3663521072771916,"val_accuracy":0.10033333333333333,"_timestamp":1.7412500787207468e+09,"_step":9,"accuracy":0.10111111111111111,"loss":2.3648575940976846,"_runtime":12.1829314,"_wandb":{"runtime":12},"epoch":9}