{"val_accuracy":0.09833333333333333,"_wandb":{"runtime":73},"loss":2.3050895528305775,"_timestamp":1.7412539177702768e+09,"epoch":9,"val_loss":2.305936256611255,"accuracy":0.10018518518518518,"_runtime":73.4222768,"_step":9}