{"val_accuracy":0.102,"_timestamp":1.7412501225920022e+09,"epoch":4,"loss":2.3030245225700146,"_wandb":{"runtime":13},"_runtime":13.1176771,"val_loss":2.302487001701346,"_step":4,"accuracy":0.09977777777777778}