{"_wandb":{"runtime":4},"epoch":5,"accuracy":0.09920370370370371,"_step":4,"val_loss":2.571276371940067,"val_accuracy":0.10716666666666666,"_timestamp":1.7412580370955691e+09,"loss":2.5874241378612455,"_runtime":4.7567072}