{"epoch":9,"loss":2.3025775147140894,"_wandb":{"runtime":44},"_timestamp":1.7412550456473227e+09,"_step":9,"val_loss":2.3025769422510356,"val_accuracy":0.09083333333333334,"_runtime":44.1390655,"accuracy":0.09109259259259259}