{"val_loss":2.600962344196023,"_runtime":52.9227993,"_step":4,"val_accuracy":0.09833333333333333,"_wandb":{"runtime":52},"epoch":4,"accuracy":0.10018518518518518,"_timestamp":1.7412519969899154e+09,"loss":2.5949551324218256}