{"epoch":4,"train_loss":2.302588080452167,"train_accuracy":0.07808333333333334,"_timestamp":1.7412483342755182e+09,"_runtime":13.2562495,"_wandb":{"runtime":13},"_step":4}