{"val_loss":2.303358719111343,"epoch":5,"val_accuracy":0.09833333333333333,"_timestamp":1.7412587973037324e+09,"_runtime":10.081553,"_wandb":{"runtime":10},"accuracy":0.10018518518518518,"_step":4,"loss":2.3029220842291616}