{"_step":4,"val_accuracy":0.10683333333333334,"epoch":5,"accuracy":0.10496296296296297,"_wandb":{"runtime":13},"_timestamp":1.7412561656529772e+09,"_runtime":13.6231898,"loss":2.302584473727367,"val_loss":2.302584521446708}