{"epoch":9,"_step":9,"_timestamp":1.7412529283136978e+09,"val_accuracy":0.16416666666666666,"_wandb":{"runtime":50},"accuracy":0.1557037037037037,"val_loss":2.3935544072324726,"loss":2.4065721367084665,"_runtime":50.1726016}