{"val_accuracy":0.149,"accuracy":0.15553703703703703,"_step":9,"loss":2.3025849475541444,"_wandb":{"runtime":17},"epoch":10,"_runtime":17.2853873,"_timestamp":1.7412581142250118e+09,"val_loss":2.302584952032379}