{"_step":9,"_wandb":{"runtime":32},"epoch":9,"accuracy":0.09968518518518518,"_runtime":32.9041163,"val_accuracy":0.10283333333333333,"_timestamp":1.7412549170285609e+09,"val_loss":2.4814889961808593,"loss":2.5028474725857537}