{"_step":4,"_runtime":5.0915458,"_wandb":{"runtime":5},"val_accuracy":0.099,"epoch":4,"loss":2.5350799145987857,"accuracy":0.10011111111111111,"_timestamp":1.7412538376566818e+09,"val_loss":2.5418235136613125}