{"_step":4,"epoch":4,"loss":2.529511245562122,"val_loss":2.5339808650195548,"_wandb":{"runtime":24},"val_accuracy":0.10283333333333333,"_timestamp":1.7412525820711832e+09,"_runtime":24.9025502,"accuracy":0.09968518518518518}