{"_timestamp":1.7412587026255045e+09,"_runtime":17.6075705,"loss":2.3425606146965348,"_wandb":{"runtime":17},"epoch":10,"val_loss":2.3408684413451737,"_step":9,"val_accuracy":0.058666666666666666,"accuracy":0.061796296296296294}