{"_step":4,"loss":2.302961503321095,"val_accuracy":0.102,"val_loss":2.303167169439302,"_timestamp":1.7412501455895324e+09,"epoch":4,"accuracy":0.09977777777777778,"_runtime":9.6515499,"_wandb":{"runtime":9}}