{"epoch":5,"_step":4,"_timestamp":1.7412558569281282e+09,"_wandb":{"runtime":36},"accuracy":0.11088888888888888,"val_loss":2.4699636622005268,"val_accuracy":0.10966666666666666,"_runtime":36.5576198,"loss":2.4676320039392485}