{"val_loss":2.4969421823987843,"val_accuracy":0.09833333333333333,"accuracy":0.10016666666666667,"_wandb":{"runtime":44},"epoch":10,"_step":9,"_timestamp":1.7412561383561764e+09,"_runtime":44.8795714,"loss":2.5049675197779746}