{"_step":4,"_wandb":{"runtime":40},"loss":2.3038013953998098,"val_loss":2.3035021548756442,"epoch":4,"_timestamp":1.7412508868279002e+09,"accuracy":0.09977777777777778,"val_accuracy":0.102,"_runtime":40.9142115}