{"epoch":10,"val_accuracy":0.09333333333333334,"val_loss":2.3038884895670937,"_runtime":13.5442657,"accuracy":0.10074074074074074,"_step":9,"loss":2.303049103520577,"_timestamp":1.7412576650262036e+09,"_wandb":{"runtime":13}}