{"val_accuracy":0.08083333333333333,"_timestamp":1.7412554355625408e+09,"_wandb":{"runtime":6},"_runtime":6.5859756,"epoch":4,"val_loss":2.302585207728808,"_step":4,"loss":2.302585274469033,"accuracy":0.08327777777777778}