{"_timestamp":1.7412507250631452e+09,"_wandb":{"runtime":13},"loss":2.391142039294277,"val_accuracy":0.13816666666666666,"_step":4,"accuracy":0.14,"val_loss":2.396306835523039,"_runtime":13.0780471,"epoch":4}