{"val_loss":2.3046529677079377,"accuracy":0.09977777777777778,"val_accuracy":0.102,"_timestamp":1.7412540146767104e+09,"_wandb":{"runtime":30},"_runtime":30.2794673,"epoch":4,"loss":2.3036980795702062,"_step":4}