{"_timestamp":1.741256645589826e+09,"_step":9,"epoch":10,"_runtime":32.3471245,"accuracy":0.11194444444444444,"val_loss":2.5538504760171485,"val_accuracy":0.11166666666666666,"_wandb":{"runtime":32},"loss":2.5502402931163957}