{"_runtime":14.939883,"accuracy":0.09074074074074075,"loss":2.782894540897015,"_wandb":{"runtime":14},"_timestamp":1.741256936124938e+09,"_step":4,"val_accuracy":0.091,"epoch":5,"val_loss":2.7825409634881604}