{"accuracy":0.09996296296296296,"epoch":10,"_timestamp":1.7412569122127862e+09,"_wandb":{"runtime":118},"val_loss":2.3033245660046515,"_runtime":118.2736003,"loss":2.3044133036752172,"val_accuracy":0.10033333333333333,"_step":9}