{"train_loss":2.302585367632141,"train_accuracy":0.1085,"_timestamp":1.741248149223427e+09,"_runtime":44.0475563,"_step":4,"_wandb":{"runtime":44},"epoch":4}