{"_step":4,"val_loss":2.386584454717065,"val_accuracy":0.11916666666666667,"loss":2.3858188922431247,"_runtime":11.7458047,"_timestamp":1.7412558750965877e+09,"epoch":5,"_wandb":{"runtime":11},"accuracy":0.11405555555555555}