{"val_accuracy":0.06933333333333333,"_step":9,"accuracy":0.06346296296296296,"_wandb":{"runtime":24},"loss":2.7157178490800793,"_runtime":24.8540486,"_timestamp":1.7412516701449425e+09,"epoch":9,"val_loss":2.693876689834633}