{"epoch":9,"val_loss":2.6367157717422156,"accuracy":0.08374074074074074,"_timestamp":1.741254177639422e+09,"loss":2.6478826005047162,"_wandb":{"runtime":15},"val_accuracy":0.08183333333333333,"_runtime":15.5377772,"_step":9}