{"_timestamp":1.7412569895839853e+09,"_wandb":{"runtime":30},"val_loss":2.3025849740956184,"epoch":10,"loss":2.302584969890143,"accuracy":0.09888888888888889,"_runtime":30.4721947,"val_accuracy":0.09116666666666666,"_step":9}