{"loss":2.302775031645399,"accuracy":0.09968518518518518,"_timestamp":1.7412574297032664e+09,"_step":9,"_runtime":22.7154292,"val_accuracy":0.10283333333333333,"_wandb":{"runtime":22},"val_loss":2.302362212523803,"epoch":10}