{"accuracy":0.07940740740740741,"_wandb":{"runtime":108},"val_loss":2.302584832181489,"loss":2.302584842389026,"epoch":9,"_step":9,"_timestamp":1.7412507033995113e+09,"_runtime":108.0610443,"val_accuracy":0.083}