{"val_accuracy":0.12333333333333334,"accuracy":0.12103703703703704,"_wandb":{"runtime":13},"_runtime":13.5571954,"epoch":9,"_step":9,"loss":2.3025834102487996,"val_loss":2.302583556367138,"_timestamp":1.7412548650828168e+09}