{"_timestamp":1.7412573705465052e+09,"_runtime":28.1610947,"epoch":10,"accuracy":0.1002962962962963,"val_accuracy":0.09733333333333333,"_step":9,"_wandb":{"runtime":28},"loss":2.302767201059779,"val_loss":2.3030270166511406}