{"_runtime":120.254463,"_wandb":{"runtime":120},"accuracy":0.1388888888888889,"_timestamp":1.7412564499647865e+09,"loss":2.385498964883262,"val_accuracy":0.14183333333333334,"val_loss":2.3844326586087807,"_step":9,"epoch":10}