{"val_accuracy":0.09833333333333333,"_runtime":7.8620421,"_timestamp":1.7412514711664274e+09,"loss":2.302584991046039,"accuracy":0.10024074074074074,"_step":4,"val_loss":2.3025849910231004,"_wandb":{"runtime":7},"epoch":4}