{"_timestamp":1.741254068981947e+09,"loss":2.3029774673659427,"epoch":4,"val_loss":2.303287292081159,"accuracy":0.10018518518518518,"_step":4,"val_accuracy":0.09833333333333333,"_runtime":4.1193234,"_wandb":{"runtime":4}}