{"epoch":9,"_wandb":{"runtime":7},"accuracy":0.11407407407407408,"_step":9,"_timestamp":1.7412533756732857e+09,"_runtime":7.9438754,"val_loss":2.5202091613126814,"val_accuracy":0.115,"loss":2.518659843689254}