{"_timestamp":1.7412538192309105e+09,"_step":4,"loss":2.3025850160702164,"val_loss":2.302585007781022,"_runtime":28.6357295,"_wandb":{"runtime":28},"val_accuracy":0.09216666666666666,"epoch":4,"accuracy":0.08825925925925926}