{"_runtime":61.6661261,"_wandb":{"runtime":61},"accuracy":0.10011111111111111,"epoch":4,"_step":4,"loss":2.567324818211581,"val_accuracy":0.099,"val_loss":2.5895210794195775,"_timestamp":1.7412523793530426e+09}