{"_timestamp":1.7412573378868678e+09,"_runtime":6.5935034,"_wandb":{"runtime":6},"val_loss":2.4024945328317995,"epoch":5,"_step":4,"val_accuracy":0.09566666666666666,"accuracy":0.09520370370370371,"loss":2.409403774461643}