{"train_accuracy":0.1,"_timestamp":1.7412480999240804e+09,"_runtime":21.6128387,"_step":4,"_wandb":{"runtime":21},"epoch":4,"train_loss":2.486856013483409}