{"epoch":4,"loss":2.406807076217563,"_runtime":60.6032353,"val_accuracy":0.10133333333333333,"accuracy":0.09985185185185186,"_wandb":{"runtime":60},"_timestamp":1.7412509866216905e+09,"_step":4,"val_loss":2.402588743984518}