{"accuracy":0.052981481481481484,"_step":4,"_wandb":{"runtime":14},"val_loss":2.3025851092305825,"epoch":4,"val_accuracy":0.051333333333333335,"loss":2.302585121317904,"_timestamp":1.7412508392558131e+09,"_runtime":14.4789872}