{"_runtime":8.096237,"_step":4,"accuracy":0.10018518518518518,"val_accuracy":0.09833333333333333,"loss":2.3029855887364388,"val_loss":2.303240226119541,"_timestamp":1.7412492846727204e+09,"epoch":4,"_wandb":{"runtime":8}}