{"loss":2.5543301491512844,"_runtime":8.2268344,"_wandb":{"runtime":8},"val_accuracy":0.07166666666666667,"_timestamp":1.7412535089555893e+09,"val_loss":2.560199477834099,"_step":9,"epoch":9,"accuracy":0.07227777777777777}