{"accuracy":0.09968518518518518,"val_loss":2.443924215316771,"loss":2.4476437254341534,"val_accuracy":0.10283333333333333,"_timestamp":1.7412543635090513e+09,"_step":4,"epoch":4,"_wandb":{"runtime":5},"_runtime":5.0687501}