{"val_accuracy":0.12016666666666667,"loss":2.302584733637862,"accuracy":0.11824074074074074,"_wandb":{"runtime":3},"_runtime":3.1157505,"epoch":4,"_timestamp":1.7412539799703572e+09,"_step":4,"val_loss":2.302584732355357}