{"accuracy":0.10451851851851852,"val_accuracy":0.10666666666666667,"epoch":4,"_wandb":{"runtime":36},"loss":2.302584158547987,"_runtime":36.620278,"_step":4,"val_loss":2.302584180801288,"_timestamp":1.7412500222047276e+09}