{"_timestamp":1.7412490302773712e+09,"_runtime":30.7367608,"accuracy":0.11055555555555556,"val_loss":2.340360105140798,"val_accuracy":0.10916666666666666,"_step":4,"epoch":4,"loss":2.3425484378294215,"_wandb":{"runtime":30}}