{"val_accuracy":0.0805,"accuracy":0.08783333333333333,"loss":2.3025853050964,"val_loss":2.3025853172262427,"epoch":4,"_timestamp":1.741249648686796e+09,"_wandb":{"runtime":34},"_runtime":34.7401476,"_step":4}