{"_step":4,"_wandb":{"runtime":17},"epoch":4,"train_loss":2.302584967044286,"train_accuracy":0.17545,"_timestamp":1.7412478762319353e+09,"_runtime":17.5501153}