{"epoch":5,"_runtime":28.1252584,"loss":2.3025890046886666,"val_loss":2.3025890822093382,"accuracy":0.04,"_step":4,"_wandb":{"runtime":28},"val_accuracy":0.04083333333333333,"_timestamp":1.7412576381242244e+09}