{"_timestamp":1.7412563159229283e+09,"_runtime":88.5398055,"accuracy":0.10018518518518518,"epoch":10,"loss":2.3034962588373618,"val_loss":2.304570280907602,"val_accuracy":0.09833333333333333,"_wandb":{"runtime":88},"_step":9}