{"_wandb":{"runtime":32},"epoch":4,"val_loss":2.427179235120467,"loss":2.4289892485998217,"_step":4,"accuracy":0.10455555555555555,"_timestamp":1.7412548459225333e+09,"val_accuracy":0.10183333333333333,"_runtime":32.5216589}