{"_runtime":51.8011363,"epoch":9,"_wandb":{"runtime":51},"loss":2.3025893960289747,"val_accuracy":0.07433333333333333,"_timestamp":1.7412534940041275e+09,"_step":9,"accuracy":0.07542592592592592,"val_loss":2.3025894317886855}