{"val_loss":2.3025912953056054,"_runtime":23.2052107,"accuracy":0.05857407407407408,"val_accuracy":0.0595,"_wandb":{"runtime":23},"loss":2.302591281492753,"_timestamp":1.741253188625112e+09,"_step":4,"epoch":4}