{"epoch":9,"val_accuracy":0.09883333333333333,"loss":2.3025849949777806,"_wandb":{"runtime":25},"val_loss":2.3025849949125186,"_step":9,"accuracy":0.10162962962962963,"_timestamp":1.741251238915441e+09,"_runtime":25.7440418}