{"accuracy":0.10011111111111111,"_timestamp":1.741252269351636e+09,"_step":4,"epoch":4,"val_accuracy":0.099,"_wandb":{"runtime":10},"_runtime":10.8140175,"loss":2.474514431824524,"val_loss":2.4667677931385636}