{"loss":2.3032049625706956,"val_loss":2.3030196172657935,"val_accuracy":0.10033333333333333,"_timestamp":1.7412523125566695e+09,"_runtime":16.284716,"accuracy":0.09996296296296296,"epoch":4,"_wandb":{"runtime":16},"_step":4}