{"val_accuracy":0.0675,"_wandb":{"runtime":42},"_runtime":42.6857435,"accuracy":0.06731481481481481,"val_loss":2.412961284892836,"epoch":9,"loss":2.402312704877282,"_timestamp":1.7412533080907679e+09,"_step":9}