{"epoch":4,"_runtime":18.7258477,"loss":2.3025872163308088,"_wandb":{"runtime":18},"accuracy":0.14257407407407408,"val_accuracy":0.13783333333333334,"_timestamp":1.741254320791487e+09,"val_loss":2.302582970639887,"_step":4}