{"_runtime":9.7276434,"_timestamp":1.7412517249134626e+09,"_wandb":{"runtime":9},"val_loss":2.303134568652272,"_step":4,"loss":2.3029870246897164,"epoch":4,"val_accuracy":0.10133333333333333,"accuracy":0.09985185185185186}