{"val_loss":2.39679499767854,"epoch":9,"_wandb":{"runtime":27},"val_accuracy":0.1005,"_timestamp":1.7412547724849093e+09,"loss":2.404446169379459,"_step":9,"accuracy":0.09822222222222222,"_runtime":27.7520623}