{"_wandb":{"runtime":9},"loss":2.3025849687552746,"val_loss":2.302584965466851,"_step":4,"_timestamp":1.7412546191889446e+09,"val_accuracy":0.021,"accuracy":0.023814814814814816,"_runtime":9.0403889,"epoch":4}