{"_step":4,"loss":2.789088731996426,"accuracy":0.09977777777777778,"val_accuracy":0.102,"_wandb":{"runtime":44},"epoch":4,"_timestamp":1.741252548103305e+09,"_runtime":44.1896472,"val_loss":2.783834470907133}