{"_timestamp":1.7412544651523063e+09,"_runtime":5.3433591,"_step":4,"val_accuracy":0.09833333333333333,"val_loss":2.3030206656144645,"epoch":4,"accuracy":0.10018518518518518,"_wandb":{"runtime":5},"loss":2.3029751879302647}