{"_runtime":58.4104599,"_wandb":{"runtime":58},"accuracy":0.09920370370370371,"_step":4,"_timestamp":1.741251885613166e+09,"val_loss":2.302969938772743,"loss":2.303706749316768,"val_accuracy":0.10716666666666666,"epoch":4}