{"train_loss":2.302584759118751,"train_accuracy":0.1011,"_timestamp":1.7412478512660844e+09,"_wandb":{"runtime":64},"_runtime":64.1109825,"_step":9,"epoch":9}