{"_timestamp":1.7412577499408193e+09,"epoch":10,"loss":2.4732350546371835,"_runtime":71.4810092,"val_accuracy":0.10033333333333333,"_wandb":{"runtime":71},"accuracy":0.09996296296296296,"val_loss":2.4718529377239222,"_step":9}