{"_timestamp":1.7412477789671564e+09,"_runtime":18.8759095,"_step":9,"epoch":9,"_wandb":{"runtime":18},"train_loss":2.3025856382543863,"train_accuracy":0.045233333333333334}