{"epoch":5,"loss":2.4684069818756424,"_step":4,"_timestamp":1.7412560523532844e+09,"_runtime":22.2592513,"val_loss":2.46704992615334,"_wandb":{"runtime":22},"val_accuracy":0.09833333333333333,"accuracy":0.10018518518518518}