{"_timestamp":1.7412514585354679e+09,"loss":2.6360926583439546,"val_accuracy":0.0555,"accuracy":0.057351851851851855,"epoch":9,"_step":9,"_wandb":{"runtime":21},"val_loss":2.619889429899518,"_runtime":21.8519431}