{"_wandb":{"runtime":31},"val_accuracy":0.09833333333333333,"accuracy":0.10018518518518518,"_runtime":31.3168576,"loss":2.3032518716470256,"_step":4,"epoch":4,"_timestamp":1.741252219644215e+09,"val_loss":2.30383679868214}