{"_wandb":{"runtime":21},"val_accuracy":0.10133333333333333,"accuracy":0.09985185185185186,"_timestamp":1.7412537529223995e+09,"loss":2.7721909413289323,"_runtime":21.4152918,"_step":9,"epoch":9,"val_loss":2.7780081370669687}