{"_timestamp":1.7412492404089115e+09,"loss":2.535868993343027,"_step":4,"_runtime":16.696051,"accuracy":0.10018518518518518,"_wandb":{"runtime":16},"val_loss":2.5319763147342287,"val_accuracy":0.09833333333333333,"epoch":4}