{"_timestamp":1.7412560239707599e+09,"accuracy":0.09968518518518518,"_step":4,"val_loss":2.3034657884861023,"loss":2.3035876639097377,"_runtime":26.0245544,"epoch":5,"val_accuracy":0.10283333333333333,"_wandb":{"runtime":26}}