{"epoch":4,"_timestamp":1.7412489944429266e+09,"_wandb":{"runtime":32},"accuracy":0.09675925925925925,"_step":4,"loss":2.5929970633531747,"val_loss":2.6017257357953856,"val_accuracy":0.09866666666666667,"_runtime":32.4485191}