{"val_loss":2.302584988460837,"_runtime":13.973036,"_timestamp":1.7412581592623003e+09,"_wandb":{"runtime":13},"_step":9,"loss":2.302584987613536,"val_accuracy":0.14,"epoch":10,"accuracy":0.1428888888888889}