{"_step":4,"accuracy":0.09985185185185186,"_wandb":{"runtime":31},"_timestamp":1.741254140262041e+09,"epoch":4,"_runtime":31.8081956,"val_loss":2.549830577532545,"loss":2.557710762933967,"val_accuracy":0.10133333333333333}