{"_wandb":{"runtime":11},"epoch":5,"loss":2.302584999261088,"accuracy":0.10651851851851851,"val_loss":2.3025850032157127,"_step":4,"_runtime":11.7907217,"_timestamp":1.7412581398956614e+09,"val_accuracy":0.09983333333333333}