{"val_accuracy":0.10333333333333333,"loss":2.302588521177278,"epoch":4,"accuracy":0.09468518518518519,"_step":4,"_wandb":{"runtime":21},"val_loss":2.302587834527716,"_timestamp":1.7412529580980482e+09,"_runtime":21.5994786}