{"val_loss":2.3025848257175294,"_runtime":91.3224268,"_wandb":{"runtime":91},"val_accuracy":0.09266666666666666,"accuracy":0.09572222222222222,"loss":2.302584816355014,"_step":9,"epoch":10,"_timestamp":1.741258422663258e+09}