{"_runtime":20.926235900000002,"val_accuracy":0.09833333333333333,"_timestamp":1.7412586354205046e+09,"_wandb":{"runtime":20},"loss":2.302584752344363,"val_loss":2.3025847670143893,"accuracy":0.10625925925925926,"_step":4,"epoch":5}