{"_timestamp":1.741258011192816e+09,"epoch":5,"val_loss":2.302584491815323,"_step":4,"_runtime":11.1352722,"accuracy":0.1421111111111111,"val_accuracy":0.13816666666666666,"_wandb":{"runtime":11},"loss":2.302584458081804}