{"val_loss":2.302585156042659,"_runtime":43.0261072,"accuracy":0.12135185185185185,"_wandb":{"runtime":43},"_step":4,"val_accuracy":0.127,"loss":2.3025851935743846,"_timestamp":1.7412553328215294e+09,"epoch":4}