{"epoch":5,"loss":2.3025823465594306,"val_accuracy":0.0905,"_runtime":38.0876592,"_step":4,"val_loss":2.302582340112974,"accuracy":0.08485185185185184,"_timestamp":1.7412583171096632e+09,"_wandb":{"runtime":38}}