{"accuracy":0.09996296296296296,"_timestamp":1.7412517602131639e+09,"_runtime":28.9474087,"loss":2.303200904571253,"val_loss":2.303592679157539,"val_accuracy":0.10033333333333333,"_wandb":{"runtime":28},"epoch":4,"_step":4}