{"val_loss":2.3025736793971,"_runtime":15.3706349,"_wandb":{"runtime":15},"val_accuracy":0.11716666666666667,"accuracy":0.11364814814814815,"epoch":9,"loss":2.3025742111068683,"_timestamp":1.7412545554593546e+09,"_step":9}