{"accuracy":0.10483333333333333,"loss":2.302584992734269,"_step":4,"epoch":4,"val_loss":2.3025849927873407,"_timestamp":1.7412501877119715e+09,"_wandb":{"runtime":8},"val_accuracy":0.09916666666666667,"_runtime":8.3910674}