{"_runtime":13.2412758,"_timestamp":1.7412566051460092e+09,"loss":2.302583026187235,"_wandb":{"runtime":13},"_step":9,"accuracy":0.09229629629629629,"val_accuracy":0.09266666666666666,"epoch":10,"val_loss":2.3025827092301463}