{"loss":2.4335117572021283,"val_accuracy":0.09483333333333334,"_runtime":22.5217209,"accuracy":0.1000925925925926,"val_loss":2.4319636662986306,"_wandb":{"runtime":22},"_timestamp":1.7412508201581678e+09,"_step":4,"epoch":4}