{"loss":2.5510640624285252,"_timestamp":1.741255567527643e+09,"_wandb":{"runtime":16},"val_accuracy":0.06233333333333333,"_runtime":16.6570299,"val_loss":2.5458818489426007,"_step":4,"accuracy":0.060333333333333336,"epoch":5}