{"_step":4,"_timestamp":1.7412494102652636e+09,"loss":2.648605885901554,"epoch":4,"val_loss":2.6563627325747414,"accuracy":0.10074074074074074,"val_accuracy":0.09333333333333334,"_wandb":{"runtime":11},"_runtime":11.089294}