{"_step":9,"epoch":10,"loss":2.497722798489051,"val_loss":2.5058229481006773,"_wandb":{"runtime":10},"_runtime":10.0360359,"_timestamp":1.7412580262975547e+09,"val_accuracy":0.09833333333333333,"accuracy":0.10018518518518518}