{"val_loss":2.302581728912832,"_timestamp":1.7412541004491177e+09,"val_accuracy":0.13933333333333334,"_wandb":{"runtime":3},"loss":2.302581850373565,"_runtime":3.7287616999999997,"_step":4,"accuracy":0.1402962962962963,"epoch":4}