{"epoch":4,"_wandb":{"runtime":18},"_runtime":18.5928328,"loss":2.303497609374943,"val_accuracy":0.09833333333333333,"accuracy":0.10018518518518518,"val_loss":2.30304702663024,"_step":4,"_timestamp":1.7412501711431923e+09}