{"loss":2.442947733902852,"_step":9,"accuracy":0.04705555555555556,"val_loss":2.436991751194915,"_timestamp":1.741249558327979e+09,"val_accuracy":0.0485,"epoch":9,"_runtime":8.5378704,"_wandb":{"runtime":8}}