{"train_accuracy":0.10074074074074074,"val_loss":2.5645199760797737,"val_accuracy":0.09333333333333334,"epoch":4,"train_loss":2.564879865084987,"_wandb":{"runtime":51},"_step":4,"_timestamp":1.7412486481281025e+09,"_runtime":51.273961}