{"epoch":9,"val_accuracy":0.1205,"_step":9,"loss":2.302584788161984,"_wandb":{"runtime":52},"_timestamp":1.7412552033804152e+09,"_runtime":52.8685078,"accuracy":0.12333333333333334,"val_loss":2.302584820681924}