{"epoch":10,"_wandb":{"runtime":32},"_timestamp":1.7412584605587633e+09,"_step":9,"val_accuracy":0.10133333333333333,"val_loss":2.302989043655755,"loss":2.3030697469109076,"_runtime":32.0255282,"accuracy":0.09985185185185186}