{"_step":4,"_wandb":{"runtime":18},"_timestamp":1.7412499141013093e+09,"accuracy":0.09985185185185186,"val_accuracy":0.10133333333333333,"val_loss":2.5380898978163446,"_runtime":18.3950489,"epoch":4,"loss":2.5401287200425684}