{"_runtime":42.558552399999996,"_step":4,"_wandb":{"runtime":42},"epoch":4,"train_loss":2.387612798687313,"train_accuracy":0.09221666666666667,"_timestamp":1.7412479600157764e+09}