{"epoch":9,"val_loss":2.519585872530785,"loss":2.5228108917376284,"_timestamp":1.7412549943791416e+09,"_wandb":{"runtime":72},"_step":9,"val_accuracy":0.03883333333333333,"accuracy":0.03887037037037037,"_runtime":72.8810657}