{"_wandb":{"runtime":35},"train_loss":2.3025930993998265,"train_accuracy":0.09068333333333334,"_timestamp":1.7412477360809515e+09,"_runtime":35.1537782,"_step":9,"epoch":9}