{"_step":9,"val_accuracy":0.11183333333333334,"_wandb":{"runtime":38},"accuracy":0.10825925925925926,"val_loss":2.3025810393736537,"_runtime":38.675888,"epoch":10,"loss":2.3025809251695355,"_timestamp":1.741257979579972e+09}