{"_runtime":24.5774629,"_step":9,"loss":2.703411788474891,"val_loss":2.690059578922871,"val_accuracy":0.08,"epoch":9,"accuracy":0.07388888888888889,"_wandb":{"runtime":24},"_timestamp":1.7412537829008234e+09}