{"_runtime":8.1466566,"_step":9,"val_loss":2.624161561707305,"val_accuracy":0.018833333333333334,"epoch":9,"_timestamp":1.741253359692689e+09,"loss":2.6410587418232776,"_wandb":{"runtime":8},"accuracy":0.01861111111111111}