{"_step":4,"loss":2.3025849907968934,"accuracy":0.10083333333333333,"epoch":4,"val_loss":2.30258499646604,"val_accuracy":0.09333333333333334,"_wandb":{"runtime":49},"_runtime":49.5445278,"_timestamp":1.7412499719136124e+09}