{"loss":2.302581811986286,"_timestamp":1.7412534366972163e+09,"_wandb":{"runtime":52},"_runtime":52.7663347,"_step":9,"accuracy":0.10444444444444445,"val_loss":2.3025816591397805,"val_accuracy":0.10583333333333333,"epoch":9}