{"epoch":4,"_runtime":7.4252011,"val_loss":2.3025849872674518,"_wandb":{"runtime":7},"accuracy":0.0995925925925926,"_step":4,"loss":2.3025849867951313,"_timestamp":1.7412536635915604e+09,"val_accuracy":0.09966666666666667}