{"_wandb":{"runtime":19},"val_accuracy":0.059,"_timestamp":1.7412553665403311e+09,"_runtime":19.1389636,"_step":9,"val_loss":2.4578856017932136,"epoch":9,"accuracy":0.061814814814814815,"loss":2.4622740134330146}