{"accuracy":0.10385185185185185,"val_loss":2.302585001744925,"_step":9,"_wandb":{"runtime":20},"_timestamp":1.741258824179289e+09,"_runtime":20.7797275,"epoch":10,"loss":2.302585001090249,"val_accuracy":0.10283333333333333}