{"loss":2.302585145041638,"_runtime":7.0918262,"val_accuracy":0.073,"val_loss":2.302585148270366,"_wandb":{"runtime":7},"accuracy":0.07714814814814815,"_timestamp":1.7412539635187998e+09,"_step":9,"epoch":9}