{"_runtime":39.3814471,"val_loss":2.6938379554826484,"_wandb":{"runtime":39},"epoch":10,"val_accuracy":0.051666666666666666,"_step":9,"loss":2.6942420376699747,"accuracy":0.049833333333333334,"_timestamp":1.741257494798503e+09}