{"epoch":4,"_timestamp":1.7412548799054546e+09,"_runtime":6.7677355,"val_loss":2.3025849866698986,"val_accuracy":0.09366666666666666,"_wandb":{"runtime":6},"loss":2.30258498334468,"_step":4,"accuracy":0.09227777777777778}