{"_step":9,"epoch":9,"val_accuracy":0.07816666666666666,"_runtime":31.635451,"val_loss":2.302589594829123,"loss":2.3025891952819086,"accuracy":0.0815,"_wandb":{"runtime":31},"_timestamp":1.7412533458500485e+09}