{"train_accuracy":0.07648333333333333,"_wandb":{"runtime":23},"_timestamp":1.7412479130006082e+09,"_runtime":23.2986561,"_step":9,"epoch":9,"train_loss":2.30258499011618}