{"_timestamp":1.7412514289436555e+09,"accuracy":0.09920370370370371,"val_accuracy":0.10716666666666666,"epoch":9,"loss":2.3030690388654937,"_wandb":{"runtime":24},"_runtime":24.2924342,"_step":9,"val_loss":2.303117372781024}