{"accuracy":0.09783333333333333,"_runtime":7.8852171,"_step":9,"loss":2.302585009124749,"epoch":9,"val_accuracy":0.09633333333333334,"_timestamp":1.7412539317767258e+09,"_wandb":{"runtime":7},"val_loss":2.302585010389245}