{"loss":2.590772830402216,"accuracy":0.12527777777777777,"val_loss":2.579790792939622,"_timestamp":1.741253950536465e+09,"_wandb":{"runtime":5},"_step":4,"val_accuracy":0.12333333333333334,"epoch":4,"_runtime":5.4465519}