{"val_accuracy":0.10283333333333333,"_runtime":118.7799901,"_step":9,"loss":2.6186812507256314,"epoch":9,"val_loss":2.6176483093978757,"accuracy":0.09968518518518518,"_timestamp":1.7412498709021163e+09,"_wandb":{"runtime":118}}