{"_timestamp":1.74125249768592e+09,"_wandb":{"runtime":25},"_step":4,"epoch":4,"accuracy":0.10074074074074074,"val_loss":2.624933183098134,"loss":2.624008044880414,"val_accuracy":0.09333333333333334,"_runtime":25.7347707}