{"_timestamp":1.74125525931667e+09,"loss":2.450043849900192,"_runtime":33.6194896,"accuracy":0.09996296296296296,"val_accuracy":0.10033333333333333,"_step":4,"epoch":4,"val_loss":2.4443758750318203,"_wandb":{"runtime":33}}