{"accuracy":0.10018518518518518,"_step":9,"_runtime":135.1982356,"_wandb":{"runtime":135},"_timestamp":1.7412567857582145e+09,"loss":2.521751255387551,"val_accuracy":0.09833333333333333,"epoch":10,"val_loss":2.5219355625421587}