{"_step":4,"_runtime":21.933922,"accuracy":0.10346296296296296,"val_loss":2.3025849316746,"val_accuracy":0.095,"loss":2.3025849119630792,"_wandb":{"runtime":21},"_timestamp":1.7412501046809285e+09,"epoch":4}