{"val_loss":2.420807554159995,"_step":4,"accuracy":0.09216666666666666,"_runtime":38.7353244,"_timestamp":1.7412493855300956e+09,"_wandb":{"runtime":38},"loss":2.4087446006371525,"epoch":4,"val_accuracy":0.09383333333333334}