{"epoch":9,"_step":9,"_runtime":83.7619733,"loss":2.700010824603408,"accuracy":0.08525925925925926,"_timestamp":1.74124921689978e+09,"val_loss":2.7062678136783473,"val_accuracy":0.09116666666666666,"_wandb":{"runtime":83}}