{"epoch":4,"loss":2.660706096260821,"_wandb":{"runtime":23},"_step":4,"_runtime":23.06576,"accuracy":0.1295,"val_accuracy":0.14033333333333334,"_timestamp":1.7412554844184391e+09,"val_loss":2.6448166344808164}