{"epoch":4,"_runtime":6.6445175,"loss":2.633725141618468,"_wandb":{"runtime":6},"val_loss":2.636050208332666,"val_accuracy":0.08966666666666667,"accuracy":0.09196296296296297,"_step":4,"_timestamp":1.7412540827530756e+09}