{"accuracy":0.07833333333333334,"_wandb":{"runtime":13},"val_accuracy":0.07833333333333334,"epoch":9,"val_loss":2.556024000029719,"_runtime":13.5083507,"_timestamp":1.7412540568137212e+09,"loss":2.5547696349802993,"_step":9}