{"_runtime":24.2149303,"_wandb":{"runtime":24},"val_accuracy":0.099,"loss":2.653676341565805,"_step":4,"epoch":4,"val_loss":2.6520694464561774,"_timestamp":1.7412522507065487e+09,"accuracy":0.10011111111111111}