{"loss":2.302584992841183,"accuracy":0.05344444444444445,"_step":9,"epoch":9,"val_loss":2.302584992796757,"_wandb":{"runtime":9},"_runtime":9.4375444,"val_accuracy":0.0575,"_timestamp":1.7412535586868732e+09}