{"loss":2.6702088552323415,"epoch":9,"val_accuracy":0.09333333333333334,"_wandb":{"runtime":22},"val_loss":2.7006998242849742,"accuracy":0.10074074074074074,"_step":9,"_runtime":22.3066295,"_timestamp":1.7412505110698414e+09}