{"_wandb":{"runtime":39},"epoch":10,"accuracy":0.09968518518518518,"_step":9,"_timestamp":1.7412582271496837e+09,"val_accuracy":0.10283333333333333,"loss":2.303870331589427,"val_loss":2.303189426144701,"_runtime":38.9944057}