{"loss":2.3047975741029627,"accuracy":0.09985185185185186,"val_accuracy":0.10133333333333333,"_step":9,"_wandb":{"runtime":128},"_runtime":128.8874304,"epoch":9,"val_loss":2.3052299572576174,"_timestamp":1.741251396436877e+09}