{"_wandb":{"runtime":35},"val_loss":2.3025849946356454,"_runtime":35.2687943,"epoch":10,"loss":2.302584995417028,"_timestamp":1.7412556472235749e+09,"_step":9,"val_accuracy":0.09033333333333333,"accuracy":0.08312962962962962}