{"epoch":4,"_step":4,"val_loss":2.3652105804748325,"_wandb":{"runtime":29},"val_accuracy":0.10133333333333333,"_timestamp":1.7412530829750006e+09,"accuracy":0.09466666666666666,"loss":2.368354940450414,"_runtime":29.2117242}