{"val_accuracy":0.09733333333333333,"_runtime":122.8080261,"loss":2.3045962809101117,"accuracy":0.1002962962962963,"val_loss":2.30616643243629,"_step":9,"_timestamp":1.741256587307537e+09,"epoch":10,"_wandb":{"runtime":122}}