{"epoch":9,"val_loss":2.4331057118956276,"_timestamp":1.7412516382811642e+09,"_runtime":9.0652445,"_wandb":{"runtime":9},"_step":9,"accuracy":0.05674074074074074,"val_accuracy":0.050166666666666665,"loss":2.4234257358573883}