{"val_accuracy":0.0615,"epoch":9,"_wandb":{"runtime":81},"_runtime":81.2585675,"accuracy":0.06568518518518518,"loss":2.7930463272589368,"_timestamp":1.741253044848224e+09,"_step":9,"val_loss":2.8064199448307092}