{"val_loss":2.302585008162499,"loss":2.302585008418765,"epoch":9,"_wandb":{"runtime":37},"accuracy":0.12498148148148149,"_runtime":37.3617248,"_step":9,"val_accuracy":0.1235,"_timestamp":1.7412507922749894e+09}