{"val_accuracy":0.10716666666666666,"_runtime":79.1644477,"_step":9,"val_loss":2.3043650896586567,"_timestamp":1.7412504295135598e+09,"accuracy":0.09920370370370371,"epoch":9,"_wandb":{"runtime":79},"loss":2.30467709813547}