{"train_loss":2.6443058483454966,"_wandb":{"runtime":10},"train_accuracy":0.1,"_timestamp":1.7412477541326103e+09,"_runtime":10.4467483,"_step":4,"epoch":4}