{"epoch":4,"_runtime":13.5013264,"_wandb":{"runtime":13},"val_loss":2.3025849949280124,"_step":4,"val_accuracy":0.09166666666666666,"loss":2.3025849937491163,"accuracy":0.09935185185185186,"_timestamp":1.7412512585656507e+09}