{"epoch":4,"accuracy":0.1002962962962963,"val_loss":2.507747445613716,"_runtime":23.1029378,"_step":4,"_wandb":{"runtime":23},"_timestamp":1.741254799949764e+09,"loss":2.497297536113151,"val_accuracy":0.09733333333333333}