{"epoch":4,"_wandb":{"runtime":8},"val_loss":2.4063820816119916,"accuracy":0.034166666666666665,"_step":4,"loss":2.412433238013508,"val_accuracy":0.034333333333333334,"_runtime":8.8215646,"_timestamp":1.7412507472286744e+09}