{"val_accuracy":0.10133333333333333,"val_loss":2.451589245404474,"accuracy":0.09985185185185186,"_runtime":12.3866447,"_timestamp":1.741253726603301e+09,"_step":9,"epoch":9,"loss":2.45940425711941,"_wandb":{"runtime":12}}