{"_timestamp":1.7412520496882396e+09,"loss":2.718438797927021,"val_accuracy":0.09833333333333333,"_runtime":47.0790064,"_wandb":{"runtime":47},"accuracy":0.10018518518518518,"val_loss":2.7167163231056,"_step":4,"epoch":4}