{"_runtime":47.3589213,"_wandb":{"runtime":47},"accuracy":0.1002962962962963,"val_loss":2.4674402217881863,"epoch":9,"loss":2.467945886870078,"_step":9,"val_accuracy":0.09733333333333333,"_timestamp":1.7412504825786011e+09}