{"_step":4,"_wandb":{"runtime":45},"val_loss":2.4859913855023312,"_runtime":45.4523044,"epoch":4,"loss":2.4829875627610853,"accuracy":0.09968518518518518,"val_accuracy":0.10283333333333333,"_timestamp":1.7412519364927535e+09}