{"loss":2.3970516114459763,"accuracy":0.09985185185185186,"_wandb":{"runtime":22},"val_loss":2.399616997180255,"_timestamp":1.7412560798389425e+09,"_runtime":22.1650836,"epoch":5,"val_accuracy":0.10133333333333333,"_step":4}