{"val_loss":2.3023956489391924,"_timestamp":1.7412526186049087e+09,"loss":2.3029136427348647,"_wandb":{"runtime":29},"val_accuracy":0.099,"accuracy":0.10011111111111111,"_runtime":29.2614619,"_step":4,"epoch":4}