{"epoch":5,"loss":2.503465692052702,"accuracy":0.07211111111111111,"_step":4,"_wandb":{"runtime":16},"val_loss":2.5013562816056187,"_runtime":16.5770123,"val_accuracy":0.07683333333333334,"_timestamp":1.741257450205065e+09}