{"val_accuracy":0.078,"_runtime":13.9948623,"_step":4,"accuracy":0.08755555555555555,"val_loss":2.302585117199828,"_timestamp":1.7412554537576573e+09,"_wandb":{"runtime":14},"epoch":4,"loss":2.302585101080752}