{"epoch":4,"val_loss":2.3025848478680486,"_step":4,"accuracy":0.15775925925925927,"loss":2.302584864458616,"_runtime":18.4473842,"_wandb":{"runtime":18},"val_accuracy":0.16383333333333333,"_timestamp":1.7412551371304e+09}