{"epoch":5,"loss":2.5019944125174796,"_runtime":12.9098959,"val_loss":2.5055173587390596,"_timestamp":1.7412578884498403e+09,"_step":4,"_wandb":{"runtime":12},"val_accuracy":0.11033333333333334,"accuracy":0.1142962962962963}