{"val_accuracy":0.06116666666666667,"epoch":9,"val_loss":2.3025853446326545,"_timestamp":1.7412505899471164e+09,"loss":2.3025853702433916,"_runtime":58.299769,"_step":9,"accuracy":0.0577962962962963,"_wandb":{"runtime":58}}