{"_runtime":27.4411336,"accuracy":0.10018518518518518,"loss":2.3032738673847075,"_timestamp":1.74125362956933e+09,"val_loss":2.303386923892849,"epoch":4,"_step":4,"_wandb":{"runtime":27},"val_accuracy":0.09833333333333333}