{"_timestamp":1.741250303800451e+09,"_wandb":{"runtime":107},"_runtime":107.966232,"_step":9,"accuracy":0.09101851851851851,"val_loss":2.3025853011590596,"val_accuracy":0.08566666666666667,"loss":2.3025852691132407,"epoch":9}