{"epoch":4,"_runtime":46.6633279,"loss":2.5356589809374817,"_timestamp":1.7412491257560155e+09,"_step":4,"_wandb":{"runtime":46},"val_loss":2.5422226438668267,"accuracy":0.09985185185185186,"val_accuracy":0.10133333333333333}