{"_runtime":26.2580655,"val_loss":2.586450354458664,"_timestamp":1.7412575295701487e+09,"epoch":10,"accuracy":0.10074074074074074,"_wandb":{"runtime":26},"_step":9,"val_accuracy":0.09333333333333334,"loss":2.590600382049923}