{"accuracy":0.11281481481481481,"_timestamp":1.7412579331533265e+09,"_runtime":24.9397975,"val_loss":2.3025830802391543,"loss":2.3025831273129787,"epoch":5,"_wandb":{"runtime":24},"val_accuracy":0.11466666666666667,"_step":4}