{"val_accuracy":0.10033333333333333,"_runtime":15.4531259,"accuracy":0.09996296296296296,"_timestamp":1.7412524022278144e+09,"_step":4,"loss":2.6547914685916636,"val_loss":2.6502764371060112,"_wandb":{"runtime":15},"epoch":4}