{"_timestamp":1.7412518203900654e+09,"_step":4,"_wandb":{"runtime":9},"epoch":4,"accuracy":0.09996296296296296,"loss":2.3029228587467574,"val_accuracy":0.10033333333333333,"val_loss":2.3030722349331985,"_runtime":9.3249232}