{"_runtime":16.6748361,"val_accuracy":0.042833333333333334,"accuracy":0.044425925925925924,"loss":2.572242323973131,"val_loss":2.55721917830877,"_wandb":{"runtime":16},"_step":9,"epoch":9,"_timestamp":1.7412536513690147e+09}