{"_step":4,"epoch":5,"accuracy":0.11466666666666667,"_wandb":{"runtime":10},"loss":2.452332381002683,"val_accuracy":0.11116666666666666,"_timestamp":1.7412580909000823e+09,"_runtime":10.2313301,"val_loss":2.465384327770092}