{"epoch":4,"val_loss":2.30280004983197,"loss":2.3030939739001117,"_wandb":{"runtime":8},"_timestamp":1.7412544518604095e+09,"val_accuracy":0.102,"_runtime":8.2107441,"_step":4,"accuracy":0.09977777777777778}