{"_wandb":{"runtime":15},"val_loss":2.5664331184612155,"_runtime":15.2841646,"epoch":9,"loss":2.5608813660754084,"val_accuracy":0.094,"_step":9,"_timestamp":1.7412494314439309e+09,"accuracy":0.0997962962962963}