{"_step":9,"epoch":9,"train_loss":2.3025851372946593,"train_accuracy":0.09133333333333334,"_timestamp":1.741248072894975e+09,"_wandb":{"runtime":106},"_runtime":106.5424879}