{"_runtime":43.537906,"accuracy":0.10018518518518518,"_timestamp":1.7412586002566679e+09,"_step":4,"epoch":5,"val_loss":2.303274063487539,"_wandb":{"runtime":43},"loss":2.3030470307862,"val_accuracy":0.09833333333333333}