{"val_accuracy":0.087,"accuracy":0.08438888888888889,"_runtime":18.5367381,"loss":2.4995063905197634,"val_loss":2.4947549917466936,"_wandb":{"runtime":18},"_step":9,"epoch":10,"_timestamp":1.7412558983942006e+09}