{"_timestamp":1.7412484747221034e+09,"epoch":9,"train_loss":2.291784236042206,"_runtime":6.5087349,"_step":9,"train_accuracy":0.12375925925925926,"val_accuracy":0.12883333333333333,"_wandb":{"runtime":6},"val_loss":2.288888090169073}