{"accuracy":0.12790740740740741,"_timestamp":1.741253543037567e+09,"epoch":4,"val_loss":2.4150981539541156,"_wandb":{"runtime":25},"_step":4,"loss":2.4068692121054878,"_runtime":25.9837482,"val_accuracy":0.1225}