{"accuracy":0.10074074074074074,"_runtime":27.2480019,"loss":2.3034225153572536,"val_accuracy":0.09333333333333334,"_timestamp":1.7412547396395404e+09,"epoch":4,"_wandb":{"runtime":27},"_step":4,"val_loss":2.3044185478261388}