{"val_accuracy":0.08466666666666667,"epoch":9,"val_loss":2.3025850445982043,"_timestamp":1.741253251621048e+09,"accuracy":0.08722222222222223,"loss":2.30258504266974,"_step":9,"_wandb":{"runtime":49},"_runtime":49.631636}