{"_runtime":6.9372919,"loss":2.35223096106131,"val_accuracy":0.156,"_step":4,"val_loss":2.348978483225681,"_timestamp":1.7412546335633214e+09,"accuracy":0.15572222222222223,"epoch":4,"_wandb":{"runtime":6}}